"name","pop","location"
"Moscow","10381222","https://www.google.com/maps/?q=55.7522,37.6156"
"Saint Petersburg","5028000","https://www.google.com/maps/?q=59.9386,30.3141"
"Novosibirsk","1419007","https://www.google.com/maps/?q=55.0415,82.9346"
"Yekaterinburg","1349772","https://www.google.com/maps/?q=56.8519,60.6122"
"Nizhniy Novgorod","1284164","https://www.google.com/maps/?q=56.3287,44.002"
"Samara","1134730","https://www.google.com/maps/?q=53.2001,50.15"
"Omsk","1129281","https://www.google.com/maps/?q=54.9924,73.3686"
"Kazan","1104738","https://www.google.com/maps/?q=55.7887,49.1221"
"Rostov-na-Donu","1074482","https://www.google.com/maps/?q=47.2313,39.7233"
"Chelyabinsk","1062919","https://www.google.com/maps/?q=55.154,61.4291"
"Ufa","1033338","https://www.google.com/maps/?q=54.7431,55.9678"
"Volgograd","1011417","https://www.google.com/maps/?q=48.7194,44.5018"
"Perm","982419","https://www.google.com/maps/?q=58.0105,56.2502"
"Krasnoyarsk","927200","https://www.google.com/maps/?q=56.0184,92.8672"
"Saratov","863725","https://www.google.com/maps/?q=51.5406,46.0086"
"Voronezh","848752","https://www.google.com/maps/?q=51.672,39.1843"
"Tol'yatti","702879","https://www.google.com/maps/?q=53.5303,49.3461"
"Krasnodar","649851","https://www.google.com/maps/?q=45.0448,38.976"
"Ulyanovsk","640680","https://www.google.com/maps/?q=54.3282,48.3866"
"Izhevsk","631038","https://www.google.com/maps/?q=56.8498,53.2045"
"Yaroslavl","606730","https://www.google.com/maps/?q=57.6299,39.8737"
"Barnaul","599579","https://www.google.com/maps/?q=53.3606,83.7636"
"Vladivostok","587022","https://www.google.com/maps/?q=43.1056,131.874"
"Irkutsk","586695","https://www.google.com/maps/?q=52.2978,104.296"
"Khabarovsk","579000","https://www.google.com/maps/?q=48.4827,135.084"
"Khabarovsk Vtoroy","578303","https://www.google.com/maps/?q=48.4378,135.133"
"Orenburg","550204","https://www.google.com/maps/?q=51.7727,55.0988"
"Novokuznetsk","539616","https://www.google.com/maps/?q=53.7557,87.1099"
"Ryazan'","520173","https://www.google.com/maps/?q=54.6269,39.6916"
"Tyumen","519119","https://www.google.com/maps/?q=57.1522,65.5272"
"Lipetsk","515655","https://www.google.com/maps/?q=52.6031,39.5708"
"Penza","512602","https://www.google.com/maps/?q=53.2007,45.0046"
"Naberezhnyye Chelny","509870","https://www.google.com/maps/?q=55.7254,52.4112"
"Kalininskiy","504641","https://www.google.com/maps/?q=59.9967,30.3899"
"Astrakhan","502533","https://www.google.com/maps/?q=46.3497,48.0408"
"Makhachkala","497959","https://www.google.com/maps/?q=42.9764,47.5024"
"Tomsk","485519","https://www.google.com/maps/?q=56.4977,84.9744"
"Kemerovo","477090","https://www.google.com/maps/?q=55.3333,86.0833"
"Tula","468825","https://www.google.com/maps/?q=54.1961,37.6182"
"Kirov","457383","https://www.google.com/maps/?q=58.5966,49.6601"
"Cheboksary","446781","https://www.google.com/maps/?q=56.1322,47.2519"
"Kaliningrad","434954","https://www.google.com/maps/?q=54.7065,20.511"
"Bryansk","427236","https://www.google.com/maps/?q=53.2521,34.3717"
"Ivanovo","420839","https://www.google.com/maps/?q=56.9972,40.9714"
"Magnitogorsk","413351","https://www.google.com/maps/?q=53.4186,59.0472"
"Kursk","409431","https://www.google.com/maps/?q=51.7373,36.1874"
"Tver","400212","https://www.google.com/maps/?q=56.8584,35.9006"
"Nizhny Tagil","381116","https://www.google.com/maps/?q=57.9194,59.965"
"Stavropol'","363064","https://www.google.com/maps/?q=45.0428,41.9734"
"Ulan-Ude","360278","https://www.google.com/maps/?q=51.8272,107.606"
"Arkhangel'sk","356051","https://www.google.com/maps/?q=64.5401,40.5433"
"Belgorod","345289","https://www.google.com/maps/?q=50.6107,36.5802"
"Kurgan","343129","https://www.google.com/maps/?q=55.45,65.3333"
"Kaluga","338978","https://www.google.com/maps/?q=54.5293,36.2754"
"Krasnogvargeisky","337091","https://www.google.com/maps/?q=59.973,30.4761"
"Sochi","327608","https://www.google.com/maps/?q=43.5992,39.7257"
"Orel","324200","https://www.google.com/maps/?q=52.9651,36.0785"
"Volzhskiy","323293","https://www.google.com/maps/?q=48.7858,44.7797"
"Smolensk","320991","https://www.google.com/maps/?q=54.7818,32.0401"
"Murmansk","319263","https://www.google.com/maps/?q=68.9792,33.0925"
"Vladikavkaz","317370","https://www.google.com/maps/?q=43.0367,44.6678"
"Cherepovets","315738","https://www.google.com/maps/?q=59.1333,37.9"
"Vologda","314900","https://www.google.com/maps/?q=59.2239,39.884"
"Vladimir","310024","https://www.google.com/maps/?q=56.1366,40.3966"
"Chita","308500","https://www.google.com/maps/?q=52.0317,113.501"
"Saransk","303394","https://www.google.com/maps/?q=54.1838,45.1749"
"Surgut","300367","https://www.google.com/maps/?q=61.25,73.4167"
"Tambov","290933","https://www.google.com/maps/?q=52.7317,41.4433"
"Yoshkar-Ola","279100","https://www.google.com/maps/?q=56.6388,47.8908"
"Taganrog","279056","https://www.google.com/maps/?q=47.2362,38.8969"
"Kostroma","277656","https://www.google.com/maps/?q=57.7665,40.9269"
"Komsomolsk-on-Amur","275908","https://www.google.com/maps/?q=50.5503,137.01"
"Nal'chik","272800","https://www.google.com/maps/?q=43.4981,43.6189"
"Sterlitamak","267231","https://www.google.com/maps/?q=53.6246,55.9501"
"Petrozavodsk","265025","https://www.google.com/maps/?q=61.7849,34.3469"
"Bratsk","256600","https://www.google.com/maps/?q=56.1325,101.614"
"Orsk","246836","https://www.google.com/maps/?q=51.2049,58.5668"
"Nizhnevartovsk","244937","https://www.google.com/maps/?q=60.9344,76.5531"
"Angarsk","243158","https://www.google.com/maps/?q=52.5367,103.886"
"Mar'ino","243000","https://www.google.com/maps/?q=55.65,37.7167"
"Novorossiysk","241856","https://www.google.com/maps/?q=44.7244,37.7675"
"Khimki","239967","https://www.google.com/maps/?q=55.897,37.4297"
"Yakutsk","235600","https://www.google.com/maps/?q=62.0339,129.733"
"Nizhnekamsk","234297","https://www.google.com/maps/?q=55.6366,51.8245"
"Dzerzhinsk","233126","https://www.google.com/maps/?q=56.2414,43.4554"
"Syktyvkar","230139","https://www.google.com/maps/?q=61.6764,50.8099"
"Staryy Oskol","226977","https://www.google.com/maps/?q=51.2967,37.8417"
"Groznyy","226100","https://www.google.com/maps/?q=43.312,45.6889"
"Shakhty","221312","https://www.google.com/maps/?q=47.7091,40.2144"
"Blagoveshchensk","221296","https://www.google.com/maps/?q=50.2796,127.54"
"Prokop'yevsk","219000","https://www.google.com/maps/?q=53.9059,86.719"
"Rybinsk","216724","https://www.google.com/maps/?q=58.0446,38.8426"
"Vykhino-Zhulebino","216000","https://www.google.com/maps/?q=55.702,37.8118"
"Zelenograd","215727","https://www.google.com/maps/?q=55.9825,37.1814"
"Biysk","215430","https://www.google.com/maps/?q=52.5364,85.2072"
"Velikiy Novgorod","215062","https://www.google.com/maps/?q=58.5213,31.271"
"Centralniy","214625","https://www.google.com/maps/?q=59.9311,30.3607"
"Vasyl'evsky Ostrov","203058","https://www.google.com/maps/?q=59.9409,30.2538"
"Pskov","201990","https://www.google.com/maps/?q=57.8136,28.3496"
"Severnyy","200000","https://www.google.com/maps/?q=55.9358,37.5489"
"Balakovo","199572","https://www.google.com/maps/?q=52.0278,47.8007"
"Armavir","199548","https://www.google.com/maps/?q=44.9892,41.1234"
"Engel's","196011","https://www.google.com/maps/?q=51.4839,46.1053"
"Severodvinsk","194292","https://www.google.com/maps/?q=64.5635,39.8302"
"Zlatoust","191366","https://www.google.com/maps/?q=55.1711,59.6508"
"Syzran'","189338","https://www.google.com/maps/?q=53.1585,48.4681"
"Petropavlovsk-Kamchatsky","187282","https://www.google.com/maps/?q=53.0444,158.651"
"Korolyov","183402","https://www.google.com/maps/?q=55.9173,37.8179"
"Kamensk-Ural'skiy","182500","https://www.google.com/maps/?q=56.4185,61.9329"
"Yasenevo","180000","https://www.google.com/maps/?q=55.6069,37.5199"
"Podolsk","179400","https://www.google.com/maps/?q=55.4242,37.5547"
"Yuzhno-Sakhalinsk","176484","https://www.google.com/maps/?q=46.9541,142.736"
"Lyublino","172000","https://www.google.com/maps/?q=55.6774,37.7601"
"Berezniki","167748","https://www.google.com/maps/?q=59.4091,56.8204"
"Volgodonsk","167731","https://www.google.com/maps/?q=47.5136,42.1514"
"Miass","167500","https://www.google.com/maps/?q=55.045,60.1083"
"Abakan","167289","https://www.google.com/maps/?q=53.7156,91.4292"
"Novocherkassk","166974","https://www.google.com/maps/?q=47.421,40.0919"
"Nazran'","164131","https://www.google.com/maps/?q=43.226,44.7732"
"Rubtsovsk","161065","https://www.google.com/maps/?q=51.5147,81.2061"
"Mytishchi","160542","https://www.google.com/maps/?q=55.9116,37.7308"
"Salavat","159893","https://www.google.com/maps/?q=53.3837,55.9077"
"Bibirevo","159000","https://www.google.com/maps/?q=55.8833,37.6"
"Khoroshevo-Mnevniki","159000","https://www.google.com/maps/?q=55.7836,37.4714"
"Gol'yanovo","158000","https://www.google.com/maps/?q=55.823,37.8131"
"Admiralteisky","157897","https://www.google.com/maps/?q=59.9084,30.2848"
"Ussuriysk","157068","https://www.google.com/maps/?q=43.8029,131.946"
"Lyubertsy","154650","https://www.google.com/maps/?q=55.6772,37.8932"
"Kovrov","154224","https://www.google.com/maps/?q=56.3572,41.3192"
"Strogino","152000","https://www.google.com/maps/?q=55.8184,37.4122"
"Balashikha","150103","https://www.google.com/maps/?q=55.8094,37.9581"
"Zhulebino","150000","https://www.google.com/maps/?q=55.7,37.85"
"Kolomna","147690","https://www.google.com/maps/?q=55.0794,38.7783"
"Nakhodka","146920","https://www.google.com/maps/?q=42.8138,132.873"
"Elektrostal'","144387","https://www.google.com/maps/?q=55.7896,38.4467"
"Maykop","144055","https://www.google.com/maps/?q=44.6078,40.1058"
"Orekhovo-Borisovo","144000","https://www.google.com/maps/?q=55.6125,37.7264"
"Biryulevo","144000","https://www.google.com/maps/?q=55.5863,37.6778"
"Kuz'minki","143000","https://www.google.com/maps/?q=55.7,37.8"
"Novyye Kuz'minki","143000","https://www.google.com/maps/?q=55.7,37.75"
"Pyatigorsk","142865","https://www.google.com/maps/?q=44.0486,43.0594"
"Chertanovo Yuzhnoye","142000","https://www.google.com/maps/?q=55.5907,37.5952"
"Zheleznodorozhnyy","141648","https://www.google.com/maps/?q=55.744,38.0168"
"Norilsk","140800","https://www.google.com/maps/?q=69.3535,88.2027"
"Al'met'yevsk","140437","https://www.google.com/maps/?q=54.9044,52.3154"
"Korolev","139798","https://www.google.com/maps/?q=55.9142,37.8256"
"Kolpino","138979","https://www.google.com/maps/?q=59.7507,30.5886"
"Odintsovo","137041","https://www.google.com/maps/?q=55.678,37.2777"
"Nevinnomyssk","134345","https://www.google.com/maps/?q=44.6333,41.9444"
"Pervoural'sk","133600","https://www.google.com/maps/?q=56.9053,59.9436"
"Kislovodsk","132771","https://www.google.com/maps/?q=43.9133,42.7208"
"Dimitrovgrad","132226","https://www.google.com/maps/?q=54.2139,49.6184"
"Novomoskovsk","130982","https://www.google.com/maps/?q=54.0105,38.2846"
"Petrogradka","130455","https://www.google.com/maps/?q=59.9657,30.3115"
"Ramenki","130000","https://www.google.com/maps/?q=55.7,37.5"
"Zyablikovo","129000","https://www.google.com/maps/?q=55.6167,37.7667"
"Kamyshin","128626","https://www.google.com/maps/?q=50.0983,45.416"
"Novocheboksarsk","128468","https://www.google.com/maps/?q=56.111,47.4776"
"Serpukhov","128158","https://www.google.com/maps/?q=54.9158,37.4111"
"Ivanovskoye","128000","https://www.google.com/maps/?q=55.7667,37.8333"
"Orekhovo-Borisovo Severnoye","128000","https://www.google.com/maps/?q=55.6167,37.6833"
"Murom","126931","https://www.google.com/maps/?q=55.575,42.0426"
"Khasavyurt","126829","https://www.google.com/maps/?q=43.2509,46.5877"
"Neftekamsk","126805","https://www.google.com/maps/?q=56.092,54.2661"
"Tyoply Stan","125000","https://www.google.com/maps/?q=55.6205,37.4934"
"Tsaritsyno","123000","https://www.google.com/maps/?q=55.6254,37.6503"
"Presnenskiy","122000","https://www.google.com/maps/?q=55.75,37.55"
"Veshnyaki","122000","https://www.google.com/maps/?q=55.7239,37.8195"
"Zyuzino","121000","https://www.google.com/maps/?q=55.6561,37.5685"
"Orekhovo-Zuyevo","120000","https://www.google.com/maps/?q=55.8067,38.9618"
"Solntsevo","120000","https://www.google.com/maps/?q=55.6371,37.3811"
"Troparevo","118000","https://www.google.com/maps/?q=55.6562,37.485"
"Achinsk","117634","https://www.google.com/maps/?q=56.2694,90.4993"
"Cherkessk","116224","https://www.google.com/maps/?q=44.2233,42.0578"
"Taganskiy","116000","https://www.google.com/maps/?q=55.7333,37.6667"
"Noginsk","115979","https://www.google.com/maps/?q=55.8665,38.4438"
"Yelets","115688","https://www.google.com/maps/?q=52.6237,38.5017"
"Novo-Peredelkino","115536","https://www.google.com/maps/?q=55.6453,37.3358"
"Ochakovo-Matveyevskoye","114000","https://www.google.com/maps/?q=55.6843,37.4465"
"Tobol'sk","113800","https://www.google.com/maps/?q=58.1981,68.2546"
"Shchelkovo","113000","https://www.google.com/maps/?q=55.925,37.9722"
"Nefteyugansk","112632","https://www.google.com/maps/?q=61.0998,72.6035"
"Novokuybyshevsk","111800","https://www.google.com/maps/?q=53.0959,49.9462"
"Noyabrsk","110000","https://www.google.com/maps/?q=63.1931,75.4373"
"Bataysk","109962","https://www.google.com/maps/?q=47.1398,39.7518"
"Seversk","109844","https://www.google.com/maps/?q=56.6006,84.8864"
"Arzamas","109479","https://www.google.com/maps/?q=55.3949,43.8399"
"Sergiyev Posad","109252","https://www.google.com/maps/?q=56.3,38.1333"
"Leninsk-Kuznetsky","109023","https://www.google.com/maps/?q=54.6567,86.1737"
"Kyzyl","108240","https://www.google.com/maps/?q=51.7147,94.4534"
"Oktyabr'skiy","108200","https://www.google.com/maps/?q=54.4815,53.471"
"Obninsk","107392","https://www.google.com/maps/?q=55.0968,36.6101"
"Elista","106971","https://www.google.com/maps/?q=46.3078,44.2558"
"Cheremushki","106587","https://www.google.com/maps/?q=55.6647,37.5614"
"Novotroitsk","106186","https://www.google.com/maps/?q=51.203,58.3266"
"Derbent","105965","https://www.google.com/maps/?q=42.0678,48.2899"
"Kiselevsk","104000","https://www.google.com/maps/?q=53.99,86.6621"
"Izmaylovo","104000","https://www.google.com/maps/?q=55.7868,37.8017"
"Akademicheskoe","103304","https://www.google.com/maps/?q=60.0137,30.3947"
"Velikiye Luki","103149","https://www.google.com/maps/?q=56.34,30.5452"
"Bogorodskoye","103000","https://www.google.com/maps/?q=55.8135,37.7162"
"Pushkino","102816","https://www.google.com/maps/?q=56.0172,37.8667"
"Artem","102300","https://www.google.com/maps/?q=43.3595,132.189"
"Ukhta","102187","https://www.google.com/maps/?q=63.5671,53.6835"
"Brateyevo","102000","https://www.google.com/maps/?q=55.6376,37.7644"
"Shchukino","102000","https://www.google.com/maps/?q=55.8,37.45"
"Kansk","101502","https://www.google.com/maps/?q=56.2017,95.7175"
"Mezhdurechensk","101026","https://www.google.com/maps/?q=53.6942,88.0603"
"Novyye Cheremushki","101000","https://www.google.com/maps/?q=55.7,37.5833"
"Ryazanskiy","101000","https://www.google.com/maps/?q=55.7333,37.7667"
"Solikamsk","100812","https://www.google.com/maps/?q=59.6316,56.7685"
"Glazov","100676","https://www.google.com/maps/?q=58.1393,52.658"
"Ust'-Ilimsk","100271","https://www.google.com/maps/?q=58.0006,102.662"
"Tekstil'shchiki","100000","https://www.google.com/maps/?q=55.7003,37.7427"
"Zelenodolsk","99600","https://www.google.com/maps/?q=55.8438,48.5178"
"Novoshakhtinsk","99478","https://www.google.com/maps/?q=47.7604,39.9333"
"Sarapul","98830","https://www.google.com/maps/?q=56.4763,53.7978"
"Votkinsk","98633","https://www.google.com/maps/?q=57.0486,53.9872"
"Serov","98438","https://www.google.com/maps/?q=59.6033,60.5787"
"Balashov","98107","https://www.google.com/maps/?q=51.5502,43.1667"
"Zheleznogorsk","97900","https://www.google.com/maps/?q=52.331,35.3711"
"Zhukovskiy","97200","https://www.google.com/maps/?q=55.5953,38.1203"
"Ramenskoye","96000","https://www.google.com/maps/?q=55.5669,38.2303"
"Magadan","95282","https://www.google.com/maps/?q=59.5638,150.803"
"Vostochnoe Degunino","95000","https://www.google.com/maps/?q=55.8801,37.5576"
"Novogireyevo","95000","https://www.google.com/maps/?q=55.7538,37.8189"
"Ozerki","95000","https://www.google.com/maps/?q=60.0395,30.3113"
"Novyy Urengoy","94212","https://www.google.com/maps/?q=66.0833,76.6333"
"Novoural'sk","93849","https://www.google.com/maps/?q=57.2439,60.0839"
"Zheleznogorsk","93834","https://www.google.com/maps/?q=56.2511,93.5319"
"Michurinsk","93499","https://www.google.com/maps/?q=52.8978,40.4907"
"Kineshma","92983","https://www.google.com/maps/?q=57.4391,42.1289"
"Krasnogorsk","92932","https://www.google.com/maps/?q=55.8204,37.3302"
"Pushkin","92889","https://www.google.com/maps/?q=59.7142,30.3964"
"Bugul'ma","91900","https://www.google.com/maps/?q=54.5378,52.7985"
"Lefortovo","91000","https://www.google.com/maps/?q=55.7667,37.7"
"Yaroslavskiy","91000","https://www.google.com/maps/?q=55.8833,37.7167"
"Kuznetsk","90480","https://www.google.com/maps/?q=53.1167,46.6004"
"Kirovo-Chepetsk","90252","https://www.google.com/maps/?q=58.5539,50.0399"
"Berdsk","90250","https://www.google.com/maps/?q=54.7551,83.0967"
"Gatchina","89761","https://www.google.com/maps/?q=59.5764,30.1283"
"Biryulevo Zapadnoye","89000","https://www.google.com/maps/?q=55.5877,37.6428"
"Sarov","88000","https://www.google.com/maps/?q=54.9358,43.3235"
"Yeysk","87814","https://www.google.com/maps/?q=46.7055,38.2739"
"Buzuluk","87714","https://www.google.com/maps/?q=52.7807,52.2635"
"Gubkin","87000","https://www.google.com/maps/?q=51.2817,37.5458"
"Chaykovskiy","86712","https://www.google.com/maps/?q=56.7686,54.1148"
"Babushkin","86000","https://www.google.com/maps/?q=55.8693,37.7297"
"Lianozovo","86000","https://www.google.com/maps/?q=55.8978,37.5868"
"Usol'ye-Sibirskoye","85900","https://www.google.com/maps/?q=52.7519,103.645"
"Svetlanovskiy","85508","https://www.google.com/maps/?q=60.0028,30.3305"
"Yegor'yevsk","85200","https://www.google.com/maps/?q=55.3828,39.0323"
"Yurga","84220","https://www.google.com/maps/?q=55.7231,84.8861"
"Komendantsky aerodrom","84052","https://www.google.com/maps/?q=60.0045,30.2752"
"Anzhero-Sudzhensk","82526","https://www.google.com/maps/?q=56.081,86.0285"
"Troitsk","82338","https://www.google.com/maps/?q=54.0979,61.5773"
"Azov","82133","https://www.google.com/maps/?q=47.1078,39.4165"
"Kaspiysk","81752","https://www.google.com/maps/?q=42.8816,47.6392"
"Ozersk","81023","https://www.google.com/maps/?q=55.7556,60.7028"
"Yessentuki","81015","https://www.google.com/maps/?q=44.0444,42.8606"
"Klin","80778","https://www.google.com/maps/?q=56.3333,36.7333"
"Vorkuta","80039","https://www.google.com/maps/?q=67.4988,64.0525"
"Fili","80000","https://www.google.com/maps/?q=55.7482,37.4797"
"Kropotkin","79599","https://www.google.com/maps/?q=45.4375,40.5756"
"Shadrinsk","79479","https://www.google.com/maps/?q=56.0852,63.6335"
"Vyborg","78633","https://www.google.com/maps/?q=60.7076,28.7528"
"Reutov","78370","https://www.google.com/maps/?q=55.7611,37.8575"
"Alekseyevka","78000","https://www.google.com/maps/?q=55.63,37.8"
"Voskresensk","77086","https://www.google.com/maps/?q=55.3173,38.6526"
"Mineralnye Vody","76280","https://www.google.com/maps/?q=44.2103,43.1353"
"Birobidzhan","76146","https://www.google.com/maps/?q=48.7928,132.924"
"Nagornyy","76000","https://www.google.com/maps/?q=55.65,37.6167"
"Kamensk-Shakhtinskiy","75814","https://www.google.com/maps/?q=48.3178,40.2595"
"Belovo","75764","https://www.google.com/maps/?q=54.4165,86.2976"
"Chekhov","75643","https://www.google.com/maps/?q=55.1477,37.4773"
"Asbest","74583","https://www.google.com/maps/?q=57.0099,61.4578"
"Peterhof","73199","https://www.google.com/maps/?q=59.8833,29.9"
"Dachnoye","72822","https://www.google.com/maps/?q=59.8417,30.2558"
"Minusinsk","72781","https://www.google.com/maps/?q=53.7103,91.6875"
"Georgiyevsk","72649","https://www.google.com/maps/?q=44.1519,43.4697"
"Yelabuga","72643","https://www.google.com/maps/?q=55.7613,52.0649"
"Naro-Fominsk","72632","https://www.google.com/maps/?q=55.3875,36.7331"
"Finlyandskiy","72292","https://www.google.com/maps/?q=59.9682,30.3641"
"Sunzha","71841","https://www.google.com/maps/?q=43.3195,45.0491"
"Chernogorsk","71582","https://www.google.com/maps/?q=53.8236,91.2842"
"Zelenogorsk","71354","https://www.google.com/maps/?q=56.1124,94.5985"
"Grazhdanka","71128","https://www.google.com/maps/?q=60.0359,30.4052"
"Kopeysk","70780","https://www.google.com/maps/?q=55.1172,61.6282"
"Kurortnyy","70589","https://www.google.com/maps/?q=60.1656,29.908"
"Vol'sk","70500","https://www.google.com/maps/?q=52.0454,47.3799"
"Beloretsk","70468","https://www.google.com/maps/?q=53.9631,58.3981"
"Ishimbay","70421","https://www.google.com/maps/?q=53.4545,56.0415"
"Adler","70200","https://www.google.com/maps/?q=43.429,39.9239"
"Chapayevsk","70147","https://www.google.com/maps/?q=52.9771,49.7086"
"Tuymazy","68829","https://www.google.com/maps/?q=54.6067,53.7097"
"Lys'va","68660","https://www.google.com/maps/?q=58.1086,57.8053"
"Borisoglebsk","68597","https://www.google.com/maps/?q=51.3671,42.0849"
"Sosnovyy Bor","68563","https://www.google.com/maps/?q=59.8996,29.0857"
"Dolgoprudnyy","68259","https://www.google.com/maps/?q=55.9496,37.5018"
"Dorogomilovo","68000","https://www.google.com/maps/?q=55.75,37.5667"
"Budennovsk","67962","https://www.google.com/maps/?q=44.7839,44.1658"
"Belogorsk","67911","https://www.google.com/maps/?q=50.9164,128.477"
"Khanty-Mansiysk","67800","https://www.google.com/maps/?q=61.0042,69.0019"
"Ishim","67762","https://www.google.com/maps/?q=56.1128,69.4902"
"Kstovo","67242","https://www.google.com/maps/?q=56.1473,44.1979"
"Aleksin","66885","https://www.google.com/maps/?q=54.505,37.0674"
"Parnas","66693","https://www.google.com/maps/?q=60.0696,30.3487"
"Kungur","66389","https://www.google.com/maps/?q=57.4368,56.9593"
"Klintsy","66336","https://www.google.com/maps/?q=52.7602,32.2393"
"Neryungri","66320","https://www.google.com/maps/?q=56.6664,124.638"
"Leninogorsk","66263","https://www.google.com/maps/?q=54.6026,52.4609"
"Sosnovka","66227","https://www.google.com/maps/?q=60.0167,30.35"
"Gukovo","66079","https://www.google.com/maps/?q=48.0621,39.9355"
"Lesosibirsk","65945","https://www.google.com/maps/?q=58.2358,92.4828"
"Polevskoy","65770","https://www.google.com/maps/?q=56.4422,60.1878"
"Meleuz","65362","https://www.google.com/maps/?q=52.9647,55.9328"
"Kumertau","65321","https://www.google.com/maps/?q=52.7667,55.7833"
"Slavyansk-na-Kubani","65196","https://www.google.com/maps/?q=45.2558,38.1256"
"Tikhoretsk","64387","https://www.google.com/maps/?q=45.8547,40.1253"
"Rossosh'","64323","https://www.google.com/maps/?q=51.1209,38.5116"
"Tuapse","64234","https://www.google.com/maps/?q=44.1053,39.0802"
"Aleksandrov","64088","https://www.google.com/maps/?q=56.3952,38.7122"
"Kotlovka","64000","https://www.google.com/maps/?q=55.6593,37.604"
"Zarechnyy","63579","https://www.google.com/maps/?q=53.2036,45.1923"
"Pavlovo","63338","https://www.google.com/maps/?q=55.9686,43.0912"
"Novaya Balakhna","63083","https://www.google.com/maps/?q=56.4899,43.6011"
"Gus'-Khrustal'nyy","62746","https://www.google.com/maps/?q=55.6111,40.6519"
"Buynaksk","62689","https://www.google.com/maps/?q=42.819,47.1192"
"Krasnotur'insk","62600","https://www.google.com/maps/?q=59.7666,60.2086"
"Belebey","62582","https://www.google.com/maps/?q=54.1167,54.1167"
"Rzhev","62246","https://www.google.com/maps/?q=56.2624,34.3282"
"Chistopol'","62200","https://www.google.com/maps/?q=55.3631,50.6424"
"Zarechnyy","62139","https://www.google.com/maps/?q=53.1333,46.5833"
"Tikhvin","62075","https://www.google.com/maps/?q=59.6451,33.5294"
"Rossosh'","62000","https://www.google.com/maps/?q=50.1983,39.5673"
"Petrodvorets","61973","https://www.google.com/maps/?q=59.8956,29.8015"
"Labinsk","61945","https://www.google.com/maps/?q=44.6342,40.7356"
"Iskitim","61827","https://www.google.com/maps/?q=54.6366,83.3045"
"Revda","61785","https://www.google.com/maps/?q=56.801,59.9303"
"Lobnya","61772","https://www.google.com/maps/?q=56.0097,37.4819"
"Vyksa","61664","https://www.google.com/maps/?q=55.3175,42.1744"
"Dmitrov","61607","https://www.google.com/maps/?q=56.3448,37.5204"
"Sibay","61590","https://www.google.com/maps/?q=52.7181,58.6658"
"Apatity","61186","https://www.google.com/maps/?q=67.5641,33.4031"
"Novoaltaysk","61050","https://www.google.com/maps/?q=53.3917,83.9363"
"Svobodnyy","61017","https://www.google.com/maps/?q=51.3753,128.141"
"Sal'sk","61000","https://www.google.com/maps/?q=46.4747,41.5411"
"Stupino","60999","https://www.google.com/maps/?q=54.9008,38.0708"
"Prokhladnyy","60800","https://www.google.com/maps/?q=43.7574,44.0297"
"Shuya","60705","https://www.google.com/maps/?q=56.8487,41.3883"
"Shchekino","60700","https://www.google.com/maps/?q=54.0051,37.5219"
"Bor","60647","https://www.google.com/maps/?q=56.3581,44.0748"
"Dubna","60604","https://www.google.com/maps/?q=56.7333,37.1667"
"Pavlovskiy Posad","60051","https://www.google.com/maps/?q=55.7819,38.6502"
"Ostankinskiy","60000","https://www.google.com/maps/?q=55.8296,37.616"
"Sviblovo","60000","https://www.google.com/maps/?q=55.85,37.6333"
"Mikhaylovsk","59198","https://www.google.com/maps/?q=45.1283,42.0256"
"Kotlas","59180","https://www.google.com/maps/?q=61.2575,46.6496"
"Verkhnyaya Pyshma","59061","https://www.google.com/maps/?q=56.9705,60.5822"
"Talnakh","59051","https://www.google.com/maps/?q=69.4865,88.3972"
"Mikhaylovka","58898","https://www.google.com/maps/?q=50.06,43.2379"
"Solnechnogorsk","58891","https://www.google.com/maps/?q=56.1833,36.9833"
"Arsen'yev","58700","https://www.google.com/maps/?q=44.1525,133.278"
"Uzlovaya","58458","https://www.google.com/maps/?q=53.9818,38.1712"
"Volzhsk","58000","https://www.google.com/maps/?q=55.8664,48.3594"
"Kogalym","57800","https://www.google.com/maps/?q=62.2654,74.4791"
"Krymsk","57555","https://www.google.com/maps/?q=44.9293,37.9912"
"Cheremkhovo","57395","https://www.google.com/maps/?q=53.1561,103.067"
"Zhigulevsk","57094","https://www.google.com/maps/?q=53.3997,49.4953"
"Sokol","57000","https://www.google.com/maps/?q=55.8,37.5167"
"Sokol'niki","57000","https://www.google.com/maps/?q=55.802,37.6716"
"Roslavl'","56971","https://www.google.com/maps/?q=53.9528,32.8639"
"Borovichi","56571","https://www.google.com/maps/?q=58.3878,33.9155"
"Chernaya Rechka","56429","https://www.google.com/maps/?q=59.9859,30.3034"
"Kirishi","56190","https://www.google.com/maps/?q=59.4471,32.0205"
"Ezhva","56000","https://www.google.com/maps/?q=61.8128,50.7283"
"Liski","55939","https://www.google.com/maps/?q=50.9841,39.5154"
"Vyaz'ma","55500","https://www.google.com/maps/?q=55.2104,34.2951"
"Nazarovo","55252","https://www.google.com/maps/?q=56.0104,90.4011"
"Klimovsk","55206","https://www.google.com/maps/?q=55.3635,37.5298"
"Lesnoy","55100","https://www.google.com/maps/?q=57.6198,63.0784"
"Rybatskoye","55076","https://www.google.com/maps/?q=59.8393,30.4987"
"Uritsk","55037","https://www.google.com/maps/?q=59.8389,30.1753"
"Berezovskiy","55000","https://www.google.com/maps/?q=55.6,86.2"
"Pokrovskoye-Streshnevo","55000","https://www.google.com/maps/?q=55.808,37.4581"
"Zamoskvorech'ye","55000","https://www.google.com/maps/?q=55.7333,37.6333"
"Gorno-Altaysk","54917","https://www.google.com/maps/?q=51.9606,85.9189"
"Belorechensk","54526","https://www.google.com/maps/?q=44.7713,39.8788"
"Krasnokamensk","54316","https://www.google.com/maps/?q=50.0979,118.037"
"Kupchino","54198","https://www.google.com/maps/?q=59.8528,30.3567"
"Altuf'yevskiy","54000","https://www.google.com/maps/?q=55.8833,37.5833"
"Timashevsk","53940","https://www.google.com/maps/?q=45.6169,38.9453"
"Severomorsk","53921","https://www.google.com/maps/?q=69.0689,33.4162"
"Domodedovo","53887","https://www.google.com/maps/?q=55.4413,37.7537"
"Vyshniy Volochek","53800","https://www.google.com/maps/?q=57.5913,34.5645"
"Anapa","53600","https://www.google.com/maps/?q=44.8908,37.3239"
"Buguruslan","53511","https://www.google.com/maps/?q=53.6554,52.442"
"Fryazevo","53212","https://www.google.com/maps/?q=55.7332,38.4646"
"Livny","52915","https://www.google.com/maps/?q=52.4253,37.6069"
"Yartsevo","52706","https://www.google.com/maps/?q=55.0667,32.6964"